<?xml version="1.0" encoding="UTF-8"?>
<project-private xmlns="http://www.netbeans.org/ns/project-private/1">
    <editor-bookmarks xmlns="http://www.netbeans.org/ns/editor-bookmarks/2" lastBookmarkId="1">
        <file>
            <url>src/utils/MusicPlayer.java</url>
            <bookmark id="1">
                <name/>
                <line>0</line>
                <key/>
            </bookmark>
        </file>
    </editor-bookmarks>
    <open-files xmlns="http://www.netbeans.org/ns/projectui-open-files/2">
        <group>
            <file>file:/C:/Users/aravi/OneDrive/Documents/NetBeansProjects/030879691/MyTunes/src/mytunes/MP3Player.java</file>
            <file>file:/C:/Users/aravi/OneDrive/Documents/NetBeansProjects/030879691/MyTunes/src/mytunes/Database.java</file>
            <file>file:/C:/Users/aravi/OneDrive/Documents/NetBeansProjects/030879691/MyTunes/src/mytunes/MyTunes.java</file>
            <file>file:/C:/Users/aravi/OneDrive/Documents/NetBeansProjects/030879691/MyTunes/src/mytunes/Song.java</file>
            <file>file:/C:/Users/aravi/OneDrive/Documents/NetBeansProjects/030879691/MyTunes/src/mytunes/PlaylistDropTargetListener.java</file>
            <file>file:/C:/Users/aravi/OneDrive/Documents/NetBeansProjects/030879691/MyTunes/src/mytunes/SongTransferHandler.java</file>
            <file>file:/C:/Users/aravi/OneDrive/Documents/NetBeansProjects/030879691/MyTunes/src/mytunes/MyTunesFrame.java</file>
        </group>
    </open-files>
</project-private>
